{
  "timestamp": "2026-06-18 17:46:48",
  "models": {
    "coco_r50_test (r50)": {
      "variant": "r50",
      "best_mAP_0.5": 0.5855282999507594,
      "best_mAP_0.5_0.95": 0.4331436653312107,
      "best_F1": 0.613014452974383,
      "params_M": 41.0,
      "gflops": 86.0
    },
    "coco_r50_dc5_test (r50_dc5)": {
      "variant": "r50_dc5",
      "best_mAP_0.5": 0.3693072068106605,
      "best_mAP_0.5_0.95": 0.2465121866464983,
      "best_F1": 0.4081819178595595,
      "params_M": 41.0,
      "gflops": 187.0
    }
  }
}