{
  "timestamp": "2026-01-12 14:13:29",
  "variants": [
    "ssd300",
    "ssd512"
  ],
  "best_metrics": {
    "ssd300": {
      "map50_95": 0.3984611117405052,
      "f1": 0.6892869948670044,
      "params_M": 26.3
    },
    "ssd512": {
      "map50_95": 0.4275772580161122,
      "f1": 0.7392829402351567,
      "params_M": 27.1
    }
  }
}