{
  "timestamp": "2025-12-22 11:52:45",
  "variants": [
    "n",
    "s",
    "m",
    "l",
    "x"
  ],
  "best_metrics": {
    "n": {
      "map50_95": 0.5021,
      "f1": 0.8603532408945687,
      "params_M": 1.9
    },
    "s": {
      "map50_95": 0.54838,
      "f1": 0.8848727864333246,
      "params_M": 7.2
    },
    "m": {
      "map50_95": 0.55047,
      "f1": 0.8943297627433223,
      "params_M": 21.2
    },
    "l": {
      "map50_95": 0.54607,
      "f1": 0.8971489189068699,
      "params_M": 46.5
    },
    "x": {
      "map50_95": 0.54294,
      "f1": 0.8946331867235222,
      "params_M": 86.7
    }
  }
}