{
  "timestamp": "2026-04-13 16:57:23",
  "models": {
    "detr_r50_belt (r50)": {
      "variant": "r50",
      "best_mAP_0.5": 0.8199674335011857,
      "best_mAP_0.5_0.95": 0.4912726483810678,
      "best_F1": 0.6977951761465861,
      "params_M": 41.3
    },
    "detr_r50_dc5_belt (r50_dc5)": {
      "variant": "r50_dc5",
      "best_mAP_0.5": 0.7784190035118314,
      "best_mAP_0.5_0.95": 0.4712935355908603,
      "best_F1": 0.684525640176891,
      "params_M": 41.3
    }
  }
}