{
  "timestamp": "2026-06-18 17:51:49",
  "models": {
    "detr_r50_belt_batch_4 (r50)": {
      "variant": "r50",
      "best_mAP_0.5": 0.8066895338361888,
      "best_mAP_0.5_0.95": 0.5033343111001465,
      "best_F1": 0.6959034848055539,
      "params_M": 41.0,
      "gflops": 86.0
    },
    "detr_r50_dc5_belt (r50_dc5)": {
      "variant": "r50_dc5",
      "best_mAP_0.5": 0.7784190035118314,
      "best_mAP_0.5_0.95": 0.4712935355908603,
      "best_F1": 0.684525640176891,
      "params_M": 41.0,
      "gflops": 187.0
    },
    "detr_r101_belt (r101)": {
      "variant": "r101",
      "best_mAP_0.5": 0.7984166337818667,
      "best_mAP_0.5_0.95": 0.4914355626140911,
      "best_F1": 0.6886700399075132,
      "params_M": 60.0,
      "gflops": 152.0
    },
    "detr_r101_dc5_belt (r101_dc5)": {
      "variant": "r101_dc5",
      "best_mAP_0.5": 0.7960066476642601,
      "best_mAP_0.5_0.95": 0.4878052463200583,
      "best_F1": 0.6922035925295914,
      "params_M": 60.0,
      "gflops": 253.0
    }
  }
}