{
  "timestamp": "2026-04-17 22:12:16",
  "models": {
    "detr_r50_belt (r50)": {
      "variant": "r50",
      "best_mAP_0.5": 0.8199674335011857,
      "best_mAP_0.5_0.95": 0.4912726483810678,
      "best_F1": 0.6977951761465861,
      "params_M": 41.3
    },
    "detr_r50_belt_batch_4 (r50)": {
      "variant": "r50",
      "best_mAP_0.5": 0.8066895338361888,
      "best_mAP_0.5_0.95": 0.5033343111001465,
      "best_F1": 0.6959034848055539,
      "params_M": 41.3
    }
  }
}