{
  "timestamp": "2026-05-03 12:45:33",
  "models": {
    "ssd300 (ssd300)": {
      "variant": "ssd300",
      "best_mAP_0.5": 0.6856365553848299,
      "best_mAP_0.5_0.95": 0.3984611117405052,
      "best_F1": 0.6892869948670044,
      "params_M": 26.3
    },
    "ssd512 (ssd512)": {
      "variant": "ssd512",
      "best_mAP_0.5": 0.7362993589621343,
      "best_mAP_0.5_0.95": 0.4275772580161122,
      "best_F1": 0.7392829402351567,
      "params_M": 27.1
    }
  }
}