{
  "timestamp": "2026-05-21 20:49:14",
  "models": {
    "ssd300 (ssd300)": {
      "variant": "ssd300",
      "best_mAP_0.5": 0.6856365553848299,
      "best_mAP_0.5_0.95": 0.3994865007635447,
      "best_F1": 0.6954362261854063,
      "params_M": 26.3,
      "gflops": 31.4
    },
    "ssd512 (ssd512)": {
      "variant": "ssd512",
      "best_mAP_0.5": 0.7394130910796173,
      "best_mAP_0.5_0.95": 0.4276814639838007,
      "best_F1": 0.7423726509502218,
      "params_M": 27.1,
      "gflops": 90.8
    }
  }
}