{
  "timestamp": "2026-06-08 23:39:39",
  "models": {
    "dino_r50_4s_belt (r50_4scale)": {
      "variant": "r50_4scale",
      "best_mAP_0.5": 0.8917349794808579,
      "best_mAP_0.5_0.95": 0.5454887724456041,
      "best_F1": 0.7542521542475631,
      "params_M": 47.0
    },
    "dino_r50_4s_belt_mod (r50_4scale)": {
      "variant": "r50_4scale",
      "best_mAP_0.5": 0.8808815708690491,
      "best_mAP_0.5_0.95": 0.5297699596819204,
      "best_F1": 0.7550078769191048,
      "params_M": 47.0
    }
  }
}